{"stats":{"minecraft:picked_up":{"minecraft:crafting_table":3,"minecraft:iron_chestplate":2,"minecraft:allium":9,"minecraft:wheat":1,"minecraft:azure_bluet":1,"minecraft:ladder":2,"minecraft:lead":7,"minecraft:enchanted_book":1,"minecraft:brewing_stand":1,"minecraft:shield":1,"minecraft:cornflower":4,"minecraft:string":11,"minecraft:raw_copper":12,"minecraft:iron_axe":4,"minecraft:iron_leggings":2,"minecraft:pufferfish":2,"minecraft:diamond_leggings":1,"minecraft:cobbled_deepslate":650,"minecraft:spruce_planks":116,"minecraft:white_tulip":11,"minecraft:oak_boat":3,"minecraft:iron_pickaxe":2,"minecraft:sugar_cane":10,"minecraft:iron_boots":2,"minecraft:stick":20,"minecraft:raw_iron":55,"minecraft:oak_fence":3,"minecraft:spruce_stairs":3,"minecraft:torch":26,"minecraft:porkchop":1,"minecraft:cherry_log":87,"minecraft:diorite":344,"minecraft:carrot":59,"minecraft:redstone":65,"minecraft:arrow":72,"minecraft:stone_shovel":1,"minecraft:light_gray_bed":1,"minecraft:rotten_flesh":22,"minecraft:tropical_fish":1,"minecraft:hay_block":31,"minecraft:red_tulip":1,"minecraft:saddle":4,"minecraft:totem_of_undying":1,"minecraft:cod":1,"minecraft:rail":1,"minecraft:white_wool":2,"minecraft:cobblestone":788,"minecraft:oxeye_daisy":6,"minecraft:pink_petals":168,"minecraft:cooked_beef":24,"minecraft:lilac":1,"minecraft:andesite":360,"minecraft:salmon":7,"minecraft:potato":48,"minecraft:flint":12,"minecraft:tuff":7,"minecraft:oak_log":35,"minecraft:yellow_bed":2,"minecraft:gunpowder":8,"minecraft:acacia_boat":2,"minecraft:lapis_lazuli":123,"minecraft:dirt":152,"minecraft:white_banner":1,"minecraft:name_tag":1,"minecraft:cooked_mutton":15,"minecraft:bone":27,"minecraft:acacia_planks":8,"minecraft:apple":1,"minecraft:bow":3,"minecraft:wheat_seeds":11,"minecraft:orange_tulip":16,"minecraft:iron_ingot":6,"minecraft:grindstone":1,"minecraft:stone_pickaxe":1,"minecraft:cooked_chicken":7,"minecraft:iron_sword":1,"minecraft:oak_planks":8,"minecraft:cooked_porkchop":6,"minecraft:dandelion":5,"minecraft:spyglass":2,"minecraft:gravel":188,"minecraft:white_bed":2,"minecraft:spruce_log":64,"minecraft:yellow_carpet":3,"minecraft:white_concrete_powder":16,"minecraft:diamond":4,"minecraft:iron_helmet":2,"minecraft:granite":195,"minecraft:crossbow":10,"minecraft:diamond_axe":1,"minecraft:bone_meal":8,"minecraft:cherry_sapling":39,"minecraft:bread":18,"minecraft:emerald":2,"minecraft:coal":65,"minecraft:sunflower":10,"minecraft:diamond_pickaxe":1},"minecraft:broken":{"minecraft:iron_boots":1,"minecraft:iron_chestplate":1,"minecraft:iron_leggings":1,"minecraft:stone_pickaxe":5,"minecraft:iron_axe":1,"minecraft:iron_pickaxe":4,"minecraft:iron_helmet":2},"minecraft:dropped":{"minecraft:bread":27,"minecraft:iron_ingot":2,"minecraft:acacia_boat":1,"minecraft:wheat_seeds":4,"minecraft:diamond":1,"minecraft:crafting_table":1,"minecraft:crossbow":9,"minecraft:cobblestone":6,"minecraft:granite":5,"minecraft:saddle":1,"minecraft:yellow_carpet":3,"minecraft:dirt":27,"minecraft:brewing_stand":1,"minecraft:sunflower":1,"minecraft:iron_axe":2,"minecraft:iron_pickaxe":1,"minecraft:acacia_door":1,"minecraft:string":5,"minecraft:white_wool":2,"minecraft:redstone":28,"minecraft:dandelion":5,"minecraft:spyglass":1,"minecraft:cobbled_deepslate":147,"minecraft:raw_copper":5,"minecraft:wheat":1,"minecraft:stone_shovel":1,"minecraft:cherry_sapling":18,"minecraft:rotten_flesh":5,"minecraft:grindstone":1,"minecraft:azure_bluet":1,"minecraft:salmon":1,"minecraft:carrot":45,"minecraft:light_blue_dye":1,"minecraft:potato":48,"minecraft:gunpowder":8,"minecraft:spruce_planks":394,"minecraft:andesite":192,"minecraft:spruce_log":128,"minecraft:bow":2,"minecraft:stone_pickaxe":1},"minecraft:killed":{"minecraft:spider":1,"minecraft:vindicator":2,"minecraft:skeleton":1,"minecraft:chicken":1,"minecraft:pig":1,"minecraft:ravager":2,"minecraft:pillager":3,"minecraft:zombie":8,"minecraft:villager":1},"minecraft:crafted":{"minecraft:oak_planks":140,"minecraft:stone_shovel":1,"minecraft:purple_bed":1,"minecraft:bone_meal":21,"minecraft:oak_trapdoor":2,"minecraft:spruce_stairs":128,"minecraft:white_concrete_powder":144,"minecraft:bow":1,"minecraft:ladder":6,"minecraft:spruce_slab":6,"minecraft:stone_pickaxe":6,"minecraft:chest":3,"minecraft:magenta_dye":1,"minecraft:oak_fence":42,"minecraft:wheat":27,"minecraft:red_dye":1,"minecraft:crafting_table":4,"minecraft:spruce_planks":796,"minecraft:bread":9,"minecraft:blue_dye":2,"minecraft:purple_dye":2,"minecraft:shield":2,"minecraft:white_dye":19,"minecraft:stick":68,"minecraft:light_blue_dye":2,"minecraft:iron_ingot":9,"minecraft:iron_pickaxe":3,"minecraft:acacia_door":3,"minecraft:torch":76},"minecraft:custom":{"minecraft:interact_with_smithing_table":1,"minecraft:interact_with_anvil":3,"minecraft:mob_kills":23,"minecraft:animals_bred":2,"minecraft:interact_with_crafting_table":41,"minecraft:bell_ring":31,"minecraft:leave_game":13,"minecraft:time_since_death":88801,"minecraft:climb_one_cm":19262,"minecraft:sprint_one_cm":873219,"minecraft:walk_one_cm":871156,"minecraft:damage_blocked_by_shield":2783,"minecraft:drop":80,"minecraft:talked_to_villager":8,"minecraft:play_time":433351,"minecraft:sneak_time":14834,"minecraft:deaths":52,"minecraft:walk_under_water_one_cm":6676,"minecraft:boat_one_cm":182669,"minecraft:jump":2836,"minecraft:interact_with_blast_furnace":4,"minecraft:walk_on_water_one_cm":18412,"minecraft:total_world_time":433351,"minecraft:interact_with_furnace":6,"minecraft:interact_with_grindstone":2,"minecraft:sleep_in_bed":7,"minecraft:time_since_rest":88881,"minecraft:damage_taken":57408,"minecraft:damage_dealt":4661,"minecraft:swim_one_cm":99251,"minecraft:player_kills":4,"minecraft:fly_one_cm":190039,"minecraft:open_chest":64,"minecraft:crouch_one_cm":22941,"minecraft:fall_one_cm":28753,"minecraft:horse_one_cm":1632465},"minecraft:mined":{"minecraft:tuff":3,"minecraft:spruce_planks":10,"minecraft:white_bed":1,"minecraft:oak_door":1,"minecraft:cherry_log":96,"minecraft:ladder":2,"minecraft:granite":159,"minecraft:allium":5,"minecraft:grass_block":49,"minecraft:light_gray_bed":1,"minecraft:oxeye_daisy":6,"minecraft:white_concrete_powder":13,"minecraft:hay_block":31,"minecraft:redstone_ore":7,"minecraft:carrots":8,"minecraft:iron_ore":37,"minecraft:cobbled_deepslate":44,"minecraft:andesite":394,"minecraft:deepslate_lapis_ore":2,"minecraft:azure_bluet":1,"minecraft:red_tulip":1,"minecraft:dirt_path":3,"minecraft:deepslate_iron_ore":19,"minecraft:white_tulip":14,"minecraft:stone":809,"minecraft:deepslate_redstone_ore":1,"minecraft:dandelion":5,"minecraft:oak_fence":3,"minecraft:cornflower":9,"minecraft:crafting_table":1,"minecraft:torch":3,"minecraft:short_grass":28,"minecraft:tall_grass":2,"minecraft:cobblestone":43,"minecraft:lapis_ore":3,"minecraft:sugar_cane":4,"minecraft:oak_planks":9,"minecraft:diorite":335,"minecraft:wall_torch":13,"minecraft:deepslate_copper_ore":6,"minecraft:pink_petals":68,"minecraft:spruce_stairs":3,"minecraft:birch_leaves":9,"minecraft:orange_tulip":16,"minecraft:yellow_bed":2,"minecraft:oak_log":3,"minecraft:coal_ore":71,"minecraft:cherry_leaves":24,"minecraft:sunflower":10,"minecraft:gravel":136,"minecraft:dirt":104,"minecraft:cobweb":1,"minecraft:acacia_planks":9,"minecraft:oak_leaves":12,"minecraft:deepslate":464},"minecraft:used":{"minecraft:cherry_sapling":3,"minecraft:oak_fence":45,"minecraft:oak_trapdoor":2,"minecraft:spruce_slab":6,"minecraft:stone_shovel":90,"minecraft:ladder":8,"minecraft:white_concrete_powder":160,"minecraft:chest":3,"minecraft:spruce_planks":317,"minecraft:shield":25,"minecraft:iron_sword":283,"minecraft:cooked_chicken":7,"minecraft:iron_chestplate":1,"minecraft:torch":106,"minecraft:dirt":84,"minecraft:spyglass":36,"minecraft:spruce_stairs":131,"minecraft:carrot":14,"minecraft:stripped_spruce_log":24,"minecraft:iron_axe":108,"minecraft:iron_helmet":1,"minecraft:iron_boots":1,"minecraft:bow":96,"minecraft:hay_block":1,"minecraft:goat_horn":4,"minecraft:cooked_beef":24,"minecraft:cobbled_deepslate":124,"minecraft:light_gray_bed":1,"minecraft:iron_leggings":1,"minecraft:cooked_mutton":4,"minecraft:diorite":4,"minecraft:stone_pickaxe":655,"minecraft:oak_planks":12,"minecraft:sugar_cane":10,"minecraft:diamond_axe":36,"minecraft:crafting_table":6,"minecraft:crossbow":16,"minecraft:white_bed":1,"minecraft:cod":1,"minecraft:diamond_pickaxe":780,"minecraft:acacia_door":2,"minecraft:bread":3,"minecraft:iron_pickaxe":1000,"minecraft:gravel":1,"minecraft:lilac":1,"minecraft:stone_axe":19,"minecraft:pink_petals":102,"minecraft:purple_bed":1,"minecraft:cobblestone":17,"minecraft:porkchop":1,"minecraft:white_banner":1,"minecraft:cooked_porkchop":6,"minecraft:andesite":7,"minecraft:yellow_bed":1,"minecraft:oak_boat":3,"minecraft:bone_meal":8},"minecraft:killed_by":{"minecraft:player":1,"minecraft:spider":1,"minecraft:pillager":1,"minecraft:ravager":1,"minecraft:vindicator":32,"minecraft:zombie":1,"minecraft:vex":10}},"DataVersion":3953}