{"stats":{"minecraft:picked_up":{"minecraft:crafting_table":4,"minecraft:chicken":15,"minecraft:oak_stairs":1,"minecraft:shield":1,"minecraft:string":7,"minecraft:raw_copper":7,"minecraft:cooked_salmon":3,"minecraft:pufferfish":2,"minecraft:beetroot":1,"minecraft:cobbled_deepslate":250,"minecraft:spruce_planks":128,"minecraft:beef":11,"minecraft:white_tulip":8,"minecraft:calcite":8,"minecraft:iron_pickaxe":1,"minecraft:light_gray_wool":2,"minecraft:furnace":1,"minecraft:raw_iron":47,"minecraft:oak_door":3,"minecraft:copper_ingot":1,"minecraft:torch":27,"minecraft:porkchop":29,"minecraft:diorite":224,"minecraft:carrot":56,"minecraft:arrow":2,"minecraft:stone_sword":2,"minecraft:rotten_flesh":9,"minecraft:cooked_cod":1,"minecraft:beetroot_seeds":3,"minecraft:red_tulip":4,"minecraft:pink_tulip":3,"minecraft:mutton":51,"minecraft:rail":3,"minecraft:cod":23,"minecraft:cobblestone":363,"minecraft:white_wool":15,"minecraft:stripped_oak_log":2,"minecraft:feather":16,"minecraft:andesite":142,"minecraft:salmon":8,"minecraft:brown_wool":1,"minecraft:leather":3,"minecraft:smoker":1,"minecraft:potato":24,"minecraft:tuff":76,"minecraft:oak_log":8,"minecraft:lily_pad":1,"minecraft:yellow_bed":7,"minecraft:dirt":42,"minecraft:white_banner":2,"minecraft:cooked_mutton":8,"minecraft:bone":11,"minecraft:bow":1,"minecraft:wheat_seeds":5,"minecraft:raw_gold":24,"minecraft:iron_ingot":8,"minecraft:stone_pickaxe":1,"minecraft:cooked_chicken":6,"minecraft:iron_sword":5,"minecraft:oak_planks":30,"minecraft:smooth_basalt":14,"minecraft:dandelion":1,"minecraft:spyglass":2,"minecraft:amethyst_shard":22,"minecraft:diamond":10,"minecraft:stone_axe":2,"minecraft:granite":47,"minecraft:baked_potato":1,"minecraft:coal":71,"minecraft:diamond_pickaxe":3,"minecraft:sunflower":14},"minecraft:broken":{"minecraft:iron_boots":1,"minecraft:iron_chestplate":1,"minecraft:iron_leggings":1,"minecraft:stone_pickaxe":3,"minecraft:iron_pickaxe":1,"minecraft:iron_helmet":1},"minecraft:dropped":{"minecraft:iron_sword":3,"minecraft:wheat_seeds":5,"minecraft:diamond":1,"minecraft:cobblestone":133,"minecraft:feather":12,"minecraft:granite":64,"minecraft:diorite":41,"minecraft:cooked_cod":1,"minecraft:brown_wool":1,"minecraft:amethyst_shard":2,"minecraft:sunflower":14,"minecraft:iron_pickaxe":1,"minecraft:string":2,"minecraft:white_wool":2,"minecraft:pink_tulip":2,"minecraft:white_tulip":6,"minecraft:stone_axe":2,"minecraft:spyglass":1,"minecraft:cooked_chicken":11,"minecraft:cobbled_deepslate":64,"minecraft:stone_sword":1,"minecraft:raw_copper":7,"minecraft:rotten_flesh":8,"minecraft:light_gray_wool":2,"minecraft:oak_planks":20,"minecraft:cooked_mutton":3,"minecraft:potato":24,"minecraft:diamond_pickaxe":3,"minecraft:andesite":137,"minecraft:bow":1,"minecraft:red_tulip":4},"minecraft:killed":{"minecraft:chicken":11,"minecraft:drowned":3,"minecraft:pig":14,"minecraft:creeper":1,"minecraft:sheep":19,"minecraft:zombie":5,"minecraft:cow":4},"minecraft:custom":{"minecraft:mob_kills":57,"minecraft:animals_bred":1,"minecraft:interact_with_crafting_table":16,"minecraft:leave_game":5,"minecraft:time_since_death":80317,"minecraft:climb_one_cm":12062,"minecraft:sprint_one_cm":651560,"minecraft:walk_one_cm":737735,"minecraft:drop":65,"minecraft:talked_to_villager":5,"minecraft:play_time":429500,"minecraft:deaths":35,"minecraft:sneak_time":909,"minecraft:walk_under_water_one_cm":11243,"minecraft:boat_one_cm":48887,"minecraft:jump":1896,"minecraft:walk_on_water_one_cm":45728,"minecraft:total_world_time":429500,"minecraft:interact_with_furnace":22,"minecraft:sleep_in_bed":18,"minecraft:time_since_rest":80398,"minecraft:damage_taken":31577,"minecraft:damage_dealt":7300,"minecraft:swim_one_cm":136156,"minecraft:fly_one_cm":49050,"minecraft:open_chest":28,"minecraft:crouch_one_cm":52,"minecraft:interact_with_smoker":6,"minecraft:fish_caught":39,"minecraft:fall_one_cm":22629,"minecraft:horse_one_cm":65327},"minecraft:crafted":{"minecraft:oak_planks":32,"minecraft:fishing_rod":1,"minecraft:cooked_chicken":14,"minecraft:cooked_mutton":30,"minecraft:bow":1,"minecraft:iron_boots":1,"minecraft:iron_axe":1,"minecraft:stone_pickaxe":2,"minecraft:cooked_cod":10,"minecraft:diamond_sword":1,"minecraft:cooked_porkchop":17,"minecraft:crafting_table":1,"minecraft:iron_helmet":2,"minecraft:baked_potato":24,"minecraft:cooked_salmon":7,"minecraft:stone_axe":1,"minecraft:iron_chestplate":1,"minecraft:diamond_pickaxe":1,"minecraft:stick":40,"minecraft:iron_ingot":33,"minecraft:iron_pickaxe":1,"minecraft:stone_sword":2,"minecraft:iron_leggings":1,"minecraft:torch":64},"minecraft:mined":{"minecraft:tuff":44,"minecraft:deepslate_diamond_ore":6,"minecraft:oak_door":3,"minecraft:glow_lichen":2,"minecraft:granite":122,"minecraft:grass_block":12,"minecraft:furnace":1,"minecraft:carrots":21,"minecraft:iron_ore":38,"minecraft:andesite":91,"minecraft:rail":3,"minecraft:red_tulip":1,"minecraft:deepslate_iron_ore":9,"minecraft:oak_stairs":1,"minecraft:stripped_oak_log":2,"minecraft:pink_tulip":3,"minecraft:white_tulip":5,"minecraft:stone":264,"minecraft:smoker":1,"minecraft:medium_amethyst_bud":1,"minecraft:amethyst_cluster":3,"minecraft:dandelion":1,"minecraft:crafting_table":1,"minecraft:torch":25,"minecraft:short_grass":63,"minecraft:tall_grass":2,"minecraft:copper_ore":2,"minecraft:cobblestone":51,"minecraft:oak_planks":10,"minecraft:diorite":77,"minecraft:wall_torch":2,"minecraft:white_wall_banner":2,"minecraft:yellow_bed":3,"minecraft:oak_log":16,"minecraft:coal_ore":64,"minecraft:beetroots":1,"minecraft:sunflower":7,"minecraft:gravel":4,"minecraft:sand":1,"minecraft:dirt":12,"minecraft:gold_ore":5,"minecraft:oak_leaves":5,"minecraft:deepslate":192},"minecraft:used":{"minecraft:stone_sword":137,"minecraft:white_tulip":2,"minecraft:spruce_planks":128,"minecraft:iron_sword":171,"minecraft:cooked_chicken":5,"minecraft:oak_door":3,"minecraft:torch":46,"minecraft:spyglass":4,"minecraft:dirt":13,"minecraft:carrot":21,"minecraft:tuff":12,"minecraft:iron_axe":9,"minecraft:bow":3,"minecraft:furnace":1,"minecraft:cooked_cod":4,"minecraft:cooked_mutton":35,"minecraft:pink_tulip":1,"minecraft:oak_planks":9,"minecraft:stone_pickaxe":330,"minecraft:crafting_table":5,"minecraft:cod":2,"minecraft:smoker":1,"minecraft:diamond_pickaxe":438,"minecraft:chicken":1,"minecraft:iron_pickaxe":248,"minecraft:stone_axe":19,"minecraft:fishing_rod":52,"minecraft:cobblestone":202,"minecraft:cooked_porkchop":14,"minecraft:yellow_bed":6},"minecraft:killed_by":{"minecraft:player":6,"minecraft:pillager":1,"minecraft:enderman":1,"minecraft:vindicator":18,"minecraft:skeleton":1,"minecraft:zombie":2}},"DataVersion":3953}