{"stats":{"minecraft:dropped":{"minecraft:iron_sword":1,"minecraft:porkchop":2,"minecraft:wheat_seeds":1,"minecraft:diamond_chestplate":1,"minecraft:diamond_leggings":1,"minecraft:iron_helmet":1,"minecraft:diamond_boots":1,"minecraft:saddle":1},"minecraft:killed":{"minecraft:sheep":1,"minecraft:pig":1,"minecraft:chicken":1,"minecraft:squid":1},"minecraft:custom":{"minecraft:time_since_rest":217,"minecraft:sprint_one_cm":60649,"minecraft:damage_taken":3479,"minecraft:walk_one_cm":65075,"minecraft:mob_kills":4,"minecraft:drop":9,"minecraft:damage_dealt":867,"minecraft:talked_to_villager":17,"minecraft:swim_one_cm":24411,"minecraft:interact_with_crafting_table":2,"minecraft:fly_one_cm":74566,"minecraft:open_chest":28,"minecraft:crouch_one_cm":568,"minecraft:play_time":87615,"minecraft:interact_with_loom":1,"minecraft:deaths":6,"minecraft:sneak_time":1353,"minecraft:walk_under_water_one_cm":1546,"minecraft:jump":217,"minecraft:leave_game":11,"minecraft:walk_on_water_one_cm":4096,"minecraft:time_since_death":13048,"minecraft:sleep_in_bed":3,"minecraft:total_world_time":87615,"minecraft:fall_one_cm":4414},"minecraft:killed_by":{"minecraft:player":2,"minecraft:creeper":1,"minecraft:zombie":1},"minecraft:picked_up":{"minecraft:birch_log":1,"minecraft:chicken":1,"minecraft:porkchop":5,"minecraft:oak_log":4,"minecraft:ink_sac":2,"minecraft:dirt":10,"minecraft:wheat_seeds":2,"minecraft:oak_sapling":1,"minecraft:mutton":2,"minecraft:iron_sword":1,"minecraft:white_wool":2},"minecraft:used":{"minecraft:oak_log":4,"minecraft:oak_fence":1,"minecraft:water_bucket":1,"minecraft:villager_spawn_egg":1,"minecraft:lead":10,"minecraft:chicken":1,"minecraft:lectern":1,"minecraft:iron_sword":4,"minecraft:dirt":1,"minecraft:mutton":1,"minecraft:oak_sapling":1,"minecraft:smithing_table":1,"minecraft:birch_log":1,"minecraft:yellow_bed":4},"minecraft:mined":{"minecraft:birch_log":1,"minecraft:short_grass":15,"minecraft:grass_block":3,"minecraft:oak_log":4,"minecraft:dirt":2}},"DataVersion":3953}