{"stats":{"minecraft:dropped":{"minecraft:iron_sword":5,"minecraft:ominous_bottle":1,"minecraft:diamond_axe":1,"minecraft:cooked_beef":47,"minecraft:oak_log":32,"minecraft:crafting_table":4,"minecraft:cooked_porkchop":6,"minecraft:dark_oak_slab":1,"minecraft:crossbow":7,"minecraft:saddle":123,"minecraft:emerald":7,"minecraft:flint":1,"minecraft:dirt":17,"minecraft:dark_oak_log":43,"minecraft:yellow_dye":2,"minecraft:mutton":23,"minecraft:amethyst_shard":36,"minecraft:bone_meal":8,"minecraft:sunflower":13,"minecraft:sand":2,"minecraft:iron_pickaxe":1,"minecraft:acacia_door":1,"minecraft:dark_oak_planks":2,"minecraft:bone":27,"minecraft:oak_door":2,"minecraft:white_tulip":4,"minecraft:spyglass":3,"minecraft:cobbled_deepslate":54,"minecraft:gray_banner":2,"minecraft:wheat":1,"minecraft:rotten_flesh":23,"minecraft:oak_planks":2,"minecraft:diamond_shovel":1,"minecraft:cooked_mutton":20,"minecraft:salmon":7,"minecraft:carrot":39,"minecraft:gunpowder":8,"minecraft:arrow":65,"minecraft:enchanted_book":1,"minecraft:iron_ingot":14,"minecraft:bread":24,"minecraft:stripped_spruce_log":320,"minecraft:oak_slab":10,"minecraft:wheat_seeds":38,"minecraft:cherry_log":3,"minecraft:diamond_leggings":2,"minecraft:feather":3,"minecraft:iron_helmet":3,"minecraft:lead":1,"minecraft:granite":10,"minecraft:copper_ingot":3,"minecraft:tropical_fish":1,"minecraft:diorite":77,"minecraft:cooked_salmon":4,"minecraft:iron_leggings":2,"minecraft:white_banner":2,"minecraft:iron_axe":1,"minecraft:orange_bed":1,"minecraft:smooth_stone":5,"minecraft:string":7,"minecraft:acacia_planks":64,"minecraft:smooth_basalt":11,"minecraft:pink_tulip":3,"minecraft:redstone":5,"minecraft:bricks":64,"minecraft:stone_sword":1,"minecraft:bowl":2,"minecraft:tuff":193,"minecraft:chicken":2,"minecraft:clay_ball":192,"minecraft:iron_boots":4,"minecraft:name_tag":2,"minecraft:totem_of_undying":3,"minecraft:flint_and_steel":174,"minecraft:potato":4,"minecraft:shield":3,"minecraft:allium":4,"minecraft:spruce_planks":105,"minecraft:diamond_pickaxe":2,"minecraft:andesite":26,"minecraft:iron_chestplate":2,"minecraft:oak_boat":2,"minecraft:spider_eye":1,"minecraft:spruce_log":64,"minecraft:stone_pickaxe":2,"minecraft:bow":5,"minecraft:red_tulip":3,"minecraft:calcite":8},"minecraft:killed":{"minecraft:witch":7,"minecraft:spider":12,"minecraft:skeleton":21,"minecraft:chicken":8,"minecraft:skeleton_horse":2,"minecraft:cat":1,"minecraft:pig":74,"minecraft:salmon":20,"minecraft:iron_golem":1,"minecraft:creeper":12,"minecraft:sheep":57,"minecraft:trader_llama":3,"minecraft:pillager":42,"minecraft:zombie":36,"minecraft:cow":30,"minecraft:vex":5,"minecraft:evoker":5,"minecraft:vindicator":21,"minecraft:phantom":2,"minecraft:horse":2,"minecraft:drowned":1,"minecraft:wandering_trader":1,"minecraft:ravager":2,"minecraft:villager":5},"minecraft:custom":{"minecraft:interact_with_crafting_table":116,"minecraft:open_barrel":4,"minecraft:bell_ring":191,"minecraft:leave_game":43,"minecraft:time_since_death":558979,"minecraft:sprint_one_cm":3156137,"minecraft:damage_blocked_by_shield":4053,"minecraft:drop":789,"minecraft:talked_to_villager":104,"minecraft:play_time":1369893,"minecraft:deaths":82,"minecraft:jump":9638,"minecraft:interact_with_brewingstand":1,"minecraft:walk_on_water_one_cm":74063,"minecraft:interact_with_furnace":65,"minecraft:traded_with_villager":17,"minecraft:interact_with_cartography_table":1,"minecraft:interact_with_loom":1,"minecraft:sleep_in_bed":57,"minecraft:damage_dealt":24603,"minecraft:player_kills":8,"minecraft:crouch_one_cm":78027,"minecraft:interact_with_smoker":31,"minecraft:horse_one_cm":2387723,"minecraft:interact_with_smithing_table":2,"minecraft:mob_kills":417,"minecraft:interact_with_anvil":7,"minecraft:climb_one_cm":16617,"minecraft:walk_one_cm":3052761,"minecraft:sneak_time":32515,"minecraft:walk_under_water_one_cm":42745,"minecraft:boat_one_cm":575506,"minecraft:interact_with_blast_furnace":22,"minecraft:total_world_time":1369893,"minecraft:raid_trigger":1,"minecraft:interact_with_stonecutter":3,"minecraft:time_since_rest":15769,"minecraft:damage_taken":88637,"minecraft:damage_absorbed":80,"minecraft:swim_one_cm":162334,"minecraft:fly_one_cm":2494751,"minecraft:open_chest":136,"minecraft:fish_caught":41,"minecraft:fall_one_cm":116086},"minecraft:killed_by":{"minecraft:evoker":2,"minecraft:pillager":2,"minecraft:ravager":1,"minecraft:vindicator":41,"minecraft:zombie":2,"minecraft:vex":14,"minecraft:player":4,"minecraft:enderman":1,"minecraft:skeleton":1},"minecraft:broken":{"minecraft:iron_boots":1,"minecraft:iron_chestplate":1,"minecraft:iron_leggings":1,"minecraft:bow":1,"minecraft:crossbow":1,"minecraft:stone_sword":1,"minecraft:shield":1,"minecraft:iron_axe":1,"minecraft:iron_pickaxe":2,"minecraft:iron_helmet":2},"minecraft:crafted":{"minecraft:smooth_stone":3,"minecraft:oak_planks":472,"minecraft:stone":8,"minecraft:diamond_shovel":1,"minecraft:cooked_mutton":31,"minecraft:bow":1,"minecraft:iron_boots":2,"minecraft:chest":5,"minecraft:stone_hoe":1,"minecraft:stone_bricks":1,"minecraft:oak_fence":12,"minecraft:smoker":2,"minecraft:oak_slab":12,"minecraft:arrow":192,"minecraft:cooked_porkchop":23,"minecraft:diamond_axe":2,"minecraft:crafting_table":6,"minecraft:spruce_planks":256,"minecraft:wooden_pickaxe":1,"minecraft:iron_helmet":4,"minecraft:copper_ingot":4,"minecraft:light_gray_bed":1,"minecraft:iron_chestplate":2,"minecraft:diamond_pickaxe":2,"minecraft:yellow_dye":4,"minecraft:shield":4,"minecraft:stick":52,"minecraft:iron_ingot":108,"minecraft:iron_pickaxe":3,"minecraft:iron_block":3,"minecraft:stone_sword":3,"minecraft:gold_ingot":4,"minecraft:light_gray_dye":3,"minecraft:oak_door":6,"minecraft:fishing_rod":1,"minecraft:spyglass":2,"minecraft:furnace":4,"minecraft:blast_furnace":1,"minecraft:light_gray_wool":3,"minecraft:yellow_bed":1,"minecraft:bone_meal":144,"minecraft:iron_axe":1,"minecraft:ladder":3,"minecraft:stone_pickaxe":2,"minecraft:dark_oak_planks":8,"minecraft:wheat":18,"minecraft:cooked_beef":35,"minecraft:iron_sword":4,"minecraft:bucket":1,"minecraft:stone_axe":1,"minecraft:enchanted_book":1,"minecraft:orange_dye":1,"minecraft:acacia_boat":4,"minecraft:bread":6,"minecraft:air":0,"minecraft:oak_boat":3,"minecraft:iron_leggings":3,"minecraft:anvil":1,"minecraft:white_bed":3,"minecraft:torch":4,"minecraft:orange_bed":1},"minecraft:picked_up":{"minecraft:wheat":5,"minecraft:smithing_table":1,"minecraft:lead":19,"minecraft:oak_stairs":4,"minecraft:potion":1,"minecraft:brewing_stand":3,"minecraft:amethyst_block":8,"minecraft:string":10,"minecraft:raw_copper":19,"minecraft:cooked_salmon":6,"minecraft:pufferfish":5,"minecraft:cobbled_deepslate":430,"minecraft:diamond_leggings":2,"minecraft:gold_nugget":2,"minecraft:smooth_stone":10,"minecraft:spruce_planks":284,"minecraft:white_tulip":8,"minecraft:calcite":8,"minecraft:iron_boots":2,"minecraft:furnace":4,"minecraft:stick":37,"minecraft:composter":2,"minecraft:oak_fence":22,"minecraft:torch":18,"minecraft:acacia_log":2,"minecraft:porkchop":80,"minecraft:cherry_log":81,"minecraft:diorite":244,"minecraft:orange_bed":3,"minecraft:stone_sword":1,"minecraft:rotten_flesh":24,"minecraft:light_gray_bed":10,"minecraft:tropical_fish":1,"minecraft:red_tulip":3,"minecraft:cod":23,"minecraft:cobblestone":564,"minecraft:pink_petals":100,"minecraft:feather":9,"minecraft:cooked_beef":54,"minecraft:andesite":31,"minecraft:brown_wool":4,"minecraft:smoker":3,"minecraft:flint":5,"minecraft:tuff":193,"minecraft:acacia_boat":10,"minecraft:lapis_lazuli":31,"minecraft:dirt":375,"minecraft:name_tag":1,"minecraft:leather_boots":1,"minecraft:bone":24,"minecraft:acacia_planks":88,"minecraft:bow":6,"minecraft:stonecutter":1,"minecraft:wheat_seeds":66,"minecraft:orange_tulip":1,"minecraft:raw_gold":4,"minecraft:light_blue_dye":1,"minecraft:grindstone":2,"minecraft:fletching_table":3,"minecraft:glowstone_dust":3,"minecraft:oak_planks":80,"minecraft:cooked_porkchop":164,"minecraft:oak_pressure_plate":2,"minecraft:sand":88,"minecraft:stripped_spruce_log":320,"minecraft:dark_oak_log":386,"minecraft:mossy_cobblestone":2,"minecraft:sugar":2,"minecraft:diamond":30,"minecraft:crossbow":8,"minecraft:granite":77,"minecraft:emerald":26,"minecraft:bread":9,"minecraft:bricks":64,"minecraft:dark_oak_fence":11,"minecraft:diamond_pickaxe":1,"minecraft:crafting_table":20,"minecraft:azure_bluet":3,"minecraft:ominous_bottle":5,"minecraft:chicken":2,"minecraft:clay_ball":192,"minecraft:shield":1,"minecraft:cornflower":3,"minecraft:iron_axe":1,"minecraft:acacia_door":10,"minecraft:flint_and_steel":67,"minecraft:cartography_table":1,"minecraft:beef":31,"minecraft:oak_boat":6,"minecraft:poppy":3,"minecraft:light_gray_wool":3,"minecraft:lectern":15,"minecraft:sugar_cane":18,"minecraft:chest":2,"minecraft:dark_oak_sapling":15,"minecraft:raw_iron":86,"minecraft:oak_door":17,"minecraft:copper_ingot":3,"minecraft:bowl":1,"minecraft:carrot":177,"minecraft:redstone":23,"minecraft:dark_oak_planks":4,"minecraft:diamond_chestplate":1,"minecraft:arrow":16,"minecraft:diamond_boots":1,"minecraft:hay_block":5,"minecraft:pink_tulip":3,"minecraft:saddle":62,"minecraft:totem_of_undying":8,"minecraft:mutton":48,"minecraft:rail":7,"minecraft:white_wool":48,"minecraft:oxeye_daisy":4,"minecraft:salmon":27,"minecraft:leather":36,"minecraft:yellow_dye":1,"minecraft:oak_log":176,"minecraft:yellow_bed":18,"minecraft:gunpowder":14,"minecraft:cobblestone_stairs":1,"minecraft:white_banner":16,"minecraft:cooked_mutton":41,"minecraft:stone_pickaxe":1,"minecraft:iron_ingot":6,"minecraft:cooked_chicken":1,"minecraft:glass_bottle":1,"minecraft:iron_sword":1,"minecraft:book":12,"minecraft:oak_slab":2,"minecraft:smooth_basalt":11,"minecraft:dark_oak_slab":3,"minecraft:sweet_berries":42,"minecraft:dandelion":29,"minecraft:spyglass":1,"minecraft:gravel":8,"minecraft:amethyst_shard":38,"minecraft:spruce_sapling":7,"minecraft:blast_furnace":3,"minecraft:white_bed":4,"minecraft:spruce_log":154,"minecraft:spider_eye":1,"minecraft:diamond_shovel":1,"minecraft:stone_axe":1,"minecraft:gray_banner":3,"minecraft:iron_helmet":2,"minecraft:cherry_sapling":49,"minecraft:gray_wool":1,"minecraft:damaged_anvil":2,"minecraft:baked_potato":1,"minecraft:black_wool":3,"minecraft:coal":127,"minecraft:sunflower":18},"minecraft:used":{"minecraft:cherry_sapling":7,"minecraft:spruce_slab":13,"minecraft:poppy":3,"minecraft:ladder":3,"minecraft:oak_sign":1,"minecraft:chest":10,"minecraft:shield":49,"minecraft:iron_sword":250,"minecraft:iron_chestplate":2,"minecraft:mutton":6,"minecraft:carrot":51,"minecraft:tuff":112,"minecraft:azure_bluet":1,"minecraft:stripped_spruce_log":1320,"minecraft:milk_bucket":1,"minecraft:glass":45,"minecraft:bricks":16,"minecraft:villager_spawn_egg":2,"minecraft:red_wool":15,"minecraft:grass_block":945,"minecraft:green_wool":6,"minecraft:iron_helmet":4,"minecraft:dark_oak_slab":11,"minecraft:stone_brick_stairs":43,"minecraft:stone_bricks":238,"minecraft:bow":679,"minecraft:hay_block":3,"minecraft:sweet_berries":1,"minecraft:ominous_bottle":1,"minecraft:furnace":9,"minecraft:gray_banner":22,"minecraft:dark_oak_sapling":12,"minecraft:dark_oak_stairs":38,"minecraft:diorite":41,"minecraft:damaged_anvil":2,"minecraft:stone_pickaxe":152,"minecraft:oak_planks":308,"minecraft:wooden_pickaxe":45,"minecraft:composter":2,"minecraft:diamond_axe":536,"minecraft:white_wool":67,"minecraft:dark_oak_trapdoor":38,"minecraft:sand":1,"minecraft:loom":1,"minecraft:blast_furnace":9,"minecraft:crossbow":3,"minecraft:acacia_door":9,"minecraft:lectern":14,"minecraft:gravel":1,"minecraft:diamond_sword":12,"minecraft:wooden_sword":46,"minecraft:grindstone":2,"minecraft:andesite":47,"minecraft:oak_boat":7,"minecraft:air":1,"minecraft:bone_meal":85,"minecraft:purple_wool":71,"minecraft:oak_fence":17,"minecraft:iron_bars":4,"minecraft:stone_sword":180,"minecraft:acacia_log":2,"minecraft:flint_and_steel":11,"minecraft:white_tulip":1,"minecraft:spruce_planks":1668,"minecraft:cooked_salmon":2,"minecraft:cooked_chicken":1,"minecraft:stone_hoe":3,"minecraft:oak_door":21,"minecraft:orange_bed":3,"minecraft:torch":57,"minecraft:brewing_stand":3,"minecraft:dirt":376,"minecraft:spyglass":88,"minecraft:anvil":1,"minecraft:spruce_stairs":39,"minecraft:granite":7,"minecraft:spruce_fence":9,"minecraft:stone_brick_slab":8,"minecraft:iron_axe":250,"minecraft:brick_stairs":8,"minecraft:iron_boots":3,"minecraft:totem_of_undying":1,"minecraft:barrel":4,"minecraft:light_gray_wool":2,"minecraft:beef":1,"minecraft:acacia_planks":102,"minecraft:cooked_beef":42,"minecraft:cobbled_deepslate":257,"minecraft:red_dye":1,"minecraft:cherry_log":14,"minecraft:light_gray_bed":11,"minecraft:iron_leggings":3,"minecraft:wheat_seeds":3,"minecraft:cooked_mutton":6,"minecraft:acacia_boat":12,"minecraft:water_bucket":16,"minecraft:cobblestone_stairs":1,"minecraft:stonecutter":2,"minecraft:fletching_table":2,"minecraft:mossy_cobblestone":2,"minecraft:crafting_table":19,"minecraft:oak_slab":4,"minecraft:campfire":4,"minecraft:white_bed":5,"minecraft:dark_oak_door":1,"minecraft:smoker":5,"minecraft:spruce_log":143,"minecraft:oak_log":103,"minecraft:cornflower":3,"minecraft:diamond_pickaxe":2181,"minecraft:oxeye_daisy":2,"minecraft:diamond_shovel":1071,"minecraft:sunflower":4,"minecraft:iron_pickaxe":498,"minecraft:suspicious_stew":2,"minecraft:map":2,"minecraft:spruce_trapdoor":108,"minecraft:stone_axe":114,"minecraft:pink_petals":36,"minecraft:fishing_rod":55,"minecraft:cobblestone":399,"minecraft:white_banner":9,"minecraft:cooked_porkchop":81,"minecraft:glass_pane":30,"minecraft:bucket":17,"minecraft:yellow_bed":18,"minecraft:dandelion":11},"minecraft:mined":{"minecraft:dark_oak_planks":2,"minecraft:large_amethyst_bud":1,"minecraft:spruce_planks":19,"minecraft:white_bed":5,"minecraft:cherry_log":76,"minecraft:brewing_stand":3,"minecraft:granite":356,"minecraft:acacia_log":2,"minecraft:grass_block":197,"minecraft:yellow_carpet":3,"minecraft:light_gray_bed":10,"minecraft:composter":2,"minecraft:oxeye_daisy":3,"minecraft:fire":6,"minecraft:iron_ore":67,"minecraft:cobbled_deepslate":79,"minecraft:fletching_table":3,"minecraft:deepslate_lapis_ore":5,"minecraft:azure_bluet":1,"minecraft:dirt_path":86,"minecraft:oak_stairs":2,"minecraft:orange_bed":3,"minecraft:smoker":3,"minecraft:amethyst_cluster":3,"minecraft:torch":5,"minecraft:blast_furnace":3,"minecraft:calcite":8,"minecraft:poppy":3,"minecraft:chest":2,"minecraft:cobblestone":94,"minecraft:grindstone":2,"minecraft:sugar_cane":5,"minecraft:oak_planks":76,"minecraft:damaged_anvil":2,"minecraft:wall_torch":9,"minecraft:amethyst_block":8,"minecraft:deepslate_copper_ore":2,"minecraft:pink_petals":37,"minecraft:dark_oak_slab":2,"minecraft:wheat":4,"minecraft:orange_tulip":2,"minecraft:oak_log":100,"minecraft:sand":100,"minecraft:dirt":129,"minecraft:smooth_basalt":14,"minecraft:red_mushroom_block":1,"minecraft:stonecutter":1,"minecraft:deepslate":663,"minecraft:oak_leaves":17,"minecraft:tuff":47,"minecraft:mossy_cobblestone":1,"minecraft:dark_oak_leaves":86,"minecraft:deepslate_diamond_ore":32,"minecraft:oak_door":16,"minecraft:dark_oak_log":346,"minecraft:dark_oak_fence":11,"minecraft:spruce_leaves":12,"minecraft:cartography_table":1,"minecraft:hay_block":6,"minecraft:furnace":5,"minecraft:carrots":45,"minecraft:andesite":158,"minecraft:bookshelf":4,"minecraft:deepslate_iron_ore":9,"minecraft:vine":2,"minecraft:rail":7,"minecraft:packed_ice":4,"minecraft:stone":773,"minecraft:white_tulip":5,"minecraft:oak_slab":2,"minecraft:glass_pane":14,"minecraft:dandelion":12,"minecraft:oak_fence":19,"minecraft:crafting_table":20,"minecraft:cornflower":4,"minecraft:short_grass":229,"minecraft:lectern":14,"minecraft:tall_grass":10,"minecraft:deepslate_gold_ore":4,"minecraft:lapis_ore":5,"minecraft:diorite":406,"minecraft:sweet_berry_bush":14,"minecraft:spruce_log":27,"minecraft:birch_leaves":1,"minecraft:white_wall_banner":4,"minecraft:yellow_bed":21,"minecraft:coal_ore":71,"minecraft:acacia_door":4,"minecraft:cherry_leaves":13,"minecraft:sunflower":3,"minecraft:gravel":93,"minecraft:acacia_planks":23,"minecraft:gold_ore":10,"minecraft:fern":2}},"DataVersion":3953}