{"stats":{"minecraft:picked_up":{"minecraft:porkchop":2},"minecraft:custom":{"minecraft:jump":31,"minecraft:time_since_rest":1293,"minecraft:damage_dealt":100,"minecraft:leave_game":1,"minecraft:sprint_one_cm":7625,"minecraft:play_time":1293,"minecraft:walk_on_water_one_cm":602,"minecraft:time_since_death":1293,"minecraft:walk_one_cm":1545,"minecraft:sneak_time":43,"minecraft:total_world_time":1293,"minecraft:walk_under_water_one_cm":457,"minecraft:mob_kills":1,"minecraft:swim_one_cm":853,"minecraft:fall_one_cm":627,"minecraft:fly_one_cm":7154},"minecraft:killed":{"minecraft:pig":1}},"DataVersion":3953}